"Вадим","Давыдов"
"","Иванова"
"Вера","Карпова"
"Александр","Кравцов"
"Анастасия","Моисеева"
"Аиша","Давыдова"
"Марк","Кириллов"
"Анастасия","Булгакова"
"Анна","Черепанова"
"Игорь","Колесников"
"Григорий","Борисов"
"Александр","Яковлев"
"Денис","Иванов"
"Андрей","Афанасьев"
"Милана","Попова"
"Тимофей","Никитин"
"Артём","Исаев"
"Марк","Новиков"
"Евгений","Демидов"
"Валерия","Беляева"
"Артём","Рогов"
"Александра","Лебедева"
"Матвей","Кудрявцев"
"Кира","Коновалова"
"Валерия","Кузнецова"
"Артём","Зимин"
"Варвара","Лаврентьева"
,"Емельянов"
"Михаил","Никифоров"
"Варвара","Кузнецова"
"Егор","Орлов"
"Ева","Козлова"
"Наталья","Осипова"
"Александр","Борисов"
"Сара","Колосова"
"Марк","Филимонов"
"Демид","Мухин"
"Агата","Сергеева"
"Даниил","Кириллов"
"Милана","Михайлова"
"Андрей","Морозов"
"Павел","Снегирев"
"Виктория","Парамонова"
"Марина","Маслова"
"Кира","Трошина"
"Максим","Петров"
"Даниил","Зубков"
"Яна","Казакова"
"Екатерина","Медведева"
"Мелания","Назарова"
"Софья","Егорова"
"Макар","Прокофьев"
"Татьяна","Михеева"
"Дарья","Соколова"
"Милана","Зайцева"
"Елизавета","Котова"
"Ольга","Демина"
"Мирон","Смирнов"
"Максим","Швецов"
"София","Чернова"
"Дмитрий","Клюев"
"Арина","Зайцева"
"Анна","Андреева"
"Степан","Никулин"
"Марк","Балашов"
"Елизавета","Архипова"
"Ульяна","Орлова"
"Фёдор","Воробьев"
"Жасмин","Коновалова"
"Николай","Громов"
"Мирослава","Шилова"
"Екатерина","Андреева"
"Кирилл","Мартынов"
"Ксения","Субботина"
"Евгения","Окулова"
"Егор","Громов"
"Таисия","Морозова"
"Билал","Корнеев"
"Елизавета","Воронова"
"Алексей","Зимин"
"София","Синицына"
"Анна","Плотникова"
"Михаил","Петров"
"София","Зыкова"
"Анастасия","Максимова"
"Николай","Клюев"
"Дмитрий","Лосев"
"Мирослава","Носова"
"Милана","Большакова"
"Даниэль","Родионов"
"Анастасия","Дьяконова"
"Милана","Андреева"
"Виктор","Исаков"
"Яна","Петрова"
"Мирослава","Лебедева"
"Людмила","Герасимова"
"Тимур","Копылов"
"Дмитрий","Михайлов"
"Михаил","Зимин"
"Анастасия","Пугачева"
"Елизавета","Егорова"
"Мария","Котова"
"Артём","Егоров"
"Демид","Исаев"
"Александра","Ананьева"
"Кирилл","Потапов"
"Алиса","Самойлова"
"Мария","Кузнецова"
"Кристина","Митрофанова"
"Вероника","Гончарова"
"Елисей","Кулаков"
"Арсений","Овсянников"
"Георгий","Бирюков"
"Арина","Цветкова"
"Роберт","Винокуров"
"Егор","Березин"
"Алексей","Гаврилов"
"Елизавета","Быкова"
"Роман","Харитонов"
"Марк","Овчинников"
"Мария","Горлова"
"Алиса","Зайцева"
"Виктория","Журавлева"
"Глеб","Иванов"
"Виктория","Иванова"
"Варвара","Дмитриева"
"Виктория","Шувалова"
"Даниил","Кузнецов"
"Семён","Федоров"
"Владимир","Яковлев"
"Александра","Худякова"
"Агата","Кузьмина"
"Алиса","Гончарова"
"Артём","Овчинников"
"Виктория","Архипова"
"Ксения","Коновалова"
"Роман","Соколов"
"Фёдор","Тихомиров"
"Михаил","Григорьев"
"Марьяна","Парамонова"
"Кирилл","Круглов"
"Роберт","Ильин"
"Максим","Одинцов"
"Екатерина","Андреева"
"Платон","Носов"
"Игорь","Шевцов"
"Константин","Титов"
"Милана","Соколова"
"Филипп","Лобанов"
"Дарья","Юдина"
"Артём","Курочкин"
"Леонид","Иванов"
"Милана","Тарасова"
"Диана","Афанасьева"
"Тимофей","Сидоров"
"Ника","Сафонова"
"Пётр","Степанов"
"София","Кудрявцева"
"Даниил","Лазарев"
"Майя","Орлова"
"Мирослава","Макарова"
"Ирина","Смирнова"
"Денис","Громов"
"Ева","Сизова"
"Кирилл","Рожков"
"Владимир","Громов"
"Егор","Золотов"
"Елена","Тарасова"
"Матвей","Морозов"
"Дарина","Шмелева"
"Александр","Сальников"
"Матвей","Новиков"
"Илья","Петров"
"Алиса","Сальникова"
"Милана","Колосова"
"Егор","Тарасов"
"Кирилл","Самойлов"
"Марк","Евдокимов"
"Максим","Сорокин"
"Тимур","Власов"
"Егор","Климов"
"Лев","Коновалов"
"Андрей","Пантелеев"
"Вероника","Комиссарова"
"Платон","Комаров"
"Елена","Филиппова"
"Ирина","Кононова"
"Екатерина","Ефимова"
"Артём","Яковлев"
"Матвей","Цветков"
"Михаил","Тимофеев"
"Мария","Софронова"
"Елизавета","Гришина"
"Фёдор","Захаров"
"Тимофей","Карташов"
"Константин","Романов"
"Вера","Корнилова"
"София","Зеленина"
"Вера","Степанова"
,"Савельева"